symbol,name,mktcap,nmc,turnoverratio
SZ300059,东方财富,14626595.65059,11879365.42254,7.69013
SZ000063,中兴通讯,19775619.180768,14900523.813642,5.29512
SH600030,中信证券,30830360.829165,23407968.1545,2.82244
SZ000858,五 粮 液,64267783.738785,62846364.676176,1.01963
SH600519,贵州茅台,180872384.0352,180872384.0352,0.31013
SH600745,闻泰科技,13057899.597453,7403123.617779,6.87416
SZ000725,京东方Ａ,15972465.032217,15541997.275926,3.12614
SZ002425,凯撒文化,1344305.801664,1343018.616128,34.80034
SH601318,中国平安,134213532.43222,79533422.744316,0.5871
SH600918,中泰证券,9825762.31596,982576.23216,46.20713
SH601066,中信建投,28345150.077266,3204238.810795,13.18185
SZ300750,宁德时代,36616017.6102,19950959.98749,2.08045
SZ002456,欧菲光,4686151.686175,4639328.907712,7.89212
SZ002400,省广集团,1868857.401216,1795340.79576,20.19571
SZ002475,立讯精密,31846452.1476,31838142.1404,1.03852
SZ000651,格力电器,35396560.486152,35128244.937652,0.92826
SH600887,伊利股份,18143067.517503,17593479.654267,1.80726
SH600276,恒瑞医药,49342164.670618,49239771.189458,0.63161
SH601162,天风证券,4246221.15736,2445111.720506,11.92086
SH600859,王府井,2945093.8279,2157940.404662,13.08957
SZ002603,以岭药业,3819395.510099,3131709.614561,8.77193
SH603986,兆易创新,10653766.15476,8974650.04899,3.05843
SZ300760,迈瑞医疗,35783872.41471,14692017.06084,1.85208
SZ002241,歌尔股份,8631976.50168,7237587.3899,3.70876
SZ002385,大北农,3792577.86348,2516352.892936,10.54389
SZ002030,达安基因,2331474.72066,2276255.477688,11.4376
SH688505,N复旦,3859100,336920.2425,75.77892
SH601688,华泰证券,17091331.95,13854368.93456,1.81281
SZ002714,牧原股份,28082521.263471,17717641.86081,1.41374
SZ000100,TCL科技,8319989.812185,7786984.308345,3.13687
SZ300433,蓝思科技,10674692.664295,10638919.178345,2.22248
SH601990,南京证券,4852569.227284,3031713.896683,7.76473
SH688126,沪硅产业,7408536.62,1343612.038313,17.25978
SH600703,三安光电,9829004.07648,9829004.07648,2.3582
SZ002074,国轩高科,3314650.271355,2962325.6131,7.80231
SH600036,招商银行,85394397.204986,69849605.836594,0.32939
SZ300033,同花顺,6733440,3367817.41545,6.69029
SZ002460,赣锋锂业,7045890.8,4367197.53705,5.1114
SH603799,华友钴业,4464615.089712,4219762.794552,5.2838
SH600198,大唐电信,1323162.708,1320682.1025,16.85416
SH603259,药明康德,20614644.961274,12602379.256012,1.72213
SZ300014,亿纬锂能,8061062.3979,7783335.22212,2.68807
SZ000002,万 科Ａ,30148015.061595,25210866.261585,0.82084
SZ300142,沃森生物,8351357.697088,8030360.256968,2.56795
SZ300058,蓝色光标,2075034.515722,1933324.80229,10.56511
SH600584,长电科技,4571398.23086,3448044.419664,5.86481
SZ300207,欣旺达,2884070.738378,2547017.721246,7.83423
SZ000661,长春高新,15711241.6578,13199950.6248,1.50711
SZ000001,平安银行,24839575.29344,24839363.4304,0.79333
SZ000333,美的集团,41849356.449509,40889254.466897,0.47402
SH603501,韦尔股份,17081545.10844,3093176.0266,6.2128
SH600511,XD国药股,2910872.566284,2134810.503792,8.98648
SH600827,百联股份,2890352.34954,2599208.8704,7.27103
SZ002635,安洁科技,1562834.2608,891893.82144,21.01873
SH600585,海螺水泥,28934192.08134,21838376.08134,0.85754
SZ002600,领益智造,7352892.6856,1997524.289376,9.17664
SZ300346,南大光电,1697955.496185,1552054.12518,11.73943
SH600109,国金证券,3384258.06789,3384258.06789,5.3414
SZ002185,华天科技,3688045.079804,3686865.450788,4.89433
SZ300088,长信科技,2664632.100312,2630659.818696,6.74779
SH603160,汇顶科技,9532449.863076,9381812.096258,1.89101
SZ002415,海康威视,28203242.280528,24414919.313958,0.69854
SH601888,中国国旅,25540332.591064,25540332.591064,0.6577
SZ002273,水晶光电,2059110.969412,1995898.17313,8.36992
SH600621,华鑫股份,2085728.008072,2085728.008072,7.88879
SH601696,中银证券,6500520,650520,25.15816
SH601012,隆基股份,12805996.890015,12790831.492915,1.26239
SZ000568,泸州老窖,13459610.501964,13416907.555755,1.19954
SH600837,海通证券,14101084.2,9920952.82668,1.59377
SH600570,恒生电子,9887539.44038,9887539.44038,1.59278
SZ002384,东山精密,4681552.197978,3562850.653068,4.39354
SZ002555,三七互娱,8698252.488246,5425449.47514,2.88471
SZ300347,泰格医药,6752594.5055,4858613.4878,3.19922
SZ002351,漫步者,1915223.715,984197.738202,15.48765
SZ002466,天齐锂业,3706042.351947,3696868.128213,4.11153
SH600418,江淮汽车,1830832.817139,1830832.817139,8.09064
SZ002594,比亚迪,18275828.985645,7647752.768271,1.9325
SZ002129,中环股份,5389277.775255,5192109.75249,2.81121
SZ300782,卓胜微,6240000,3667254.1152,3.96561
SZ002007,华兰生物,8758784.651526,7523039.230987,1.92196
SZ300015,爱尔眼科,18645725.77485,15360858.5389,0.92931
SH600031,三一重工,16196223.36192,16186368.85248,0.87895
SH601236,红塔证券,7819088.412192,783328,18.13191
SZ000636,风华高科,2612290.217898,2612290.217898,5.41469
SZ002049,紫光国微,3950991.789648,3947179.123845,3.54594
SH601166,兴业银行,32760898.814327,30933250.118927,0.45092
SZ002131,利欧股份,2823508.15769,2419108.66131,5.7512
SZ002075,沙钢股份,3135822.688012,3135821.195962,4.41505
SZ000977,浪潮信息,5892735.914031,5892730.994964,2.28588
SH600895,张江高科,2992068.2106,2992068.2106,4.48162
SZ002371,北方华创,7724316.775573,7144004.054024,1.85843
SZ002989,中天精装,943979,235994.75,55.70573
SH600048,保利地产,17373975.035872,17373975.035872,0.756
SH601788,光大证券,5560609.892634,4711478.799834,2.76596
SH600812,华北制药,1973273.72209,1973273.72209,6.36979
SZ300122,智飞生物,15342400,8397749.180725,1.46622
SH601108,财通证券,3768450,2527027.2783,4.84045
SZ300136,信维通信,4702747.03493,3940269.872385,3.05883
SZ002120,韵达股份,7540942.352148,7269472.689282,1.64726
SH600804,鹏博士,1216102.759851,1216071.822291,9.80333
SZ300676,华大基因,5502175.2,3362376.775608,3.5073
SH603019,中科曙光,5143101.06685,5143101.06685,2.28299
SZ002044,美年健康,5041018.372564,4413938.043054,2.60807
SH600282,南钢股份,1614340.857948,1614340.857948,7.12962
SZ300494,盛天网络,552480,368320.41436,30.96357
SZ300383,光环新网,3924204.819103,3819739.022482,2.96473
SZ000793,华闻集团,894765.964736,870311.46944,12.96574
SZ002142,宁波银行,15392537.724732,14400514.459086,0.7816
SZ300485,赛升药业,1090341.832,559215.1762,20.02258
SZ000876,新 希 望,12268603.67619,12256145.26779,0.91107
SZ000021,深科技,3433919.353242,3429409.367376,3.21994
SZ000564,供销大集,2901781.035573,968847.734673,11.34653
SH600415,小商品城,3037313.510208,3037313.510208,3.60339
SZ000936,华西股份,1187257.26858,1186402.01626,9.22222
SZ002050,三花智控,7611536.527582,6623341.384023,1.6513
SH600196,复星医药,8621590.70538,6764862.86338,1.61016
SH601881,中国银河,10644121.69485,6768587.8302,1.59093
SZ002230,科大讯飞,7738710.540757,6738111.549533,1.59205
SH600185,格力地产,2382621.69308,2382621.69308,4.47547
SZ002581,未名医药,1752917.452002,1064902.114777,10.00437
SZ002624,完美世界,6647365.3436,6133994.8651,1.73544
SZ300115,长盈精密,1979855.930112,1970521.031552,5.39771
SZ002236,大华股份,5688204.99022,3543843.520576,2.99597
SZ002402,和而泰,1458895.505088,1273866.239184,8.32099
SH688318,财富趋势,1855426.1,428295.21185,24.54776
SZ000009,中国宝安,2004049.250805,1976561.254983,5.31453
SZ000938,紫光股份,8602711.679356,8602711.679356,1.20505
SH600459,贵研铂业,1220329.934668,1220329.934668,8.47042
SH601398,工商银行,185331253.68628,140198350.52028,0.07366
SZ002352,顺丰控股,24779306.84548,24407277.169616,0.41957
SH600183,生益科技,6671516.81754,6671516.81754,1.50542
SZ300601,康泰生物,10139186.565049,5488098.153281,1.80665
SZ002821,凯莱英,5290514.276702,5086333.14975,1.94371
SH600547,山东黄金,10938529.449328,8294267.013196,1.1832
SH603392,万泰生物,6919822.4,695812.4,14.03901
SZ000776,广发证券,10600932.940624,8233734.426424,1.18458
SH601231,环旭电子,4689759.1595,4689759.1595,2.07215
SZ002156,通富微电,2714666.857916,2714195.634371,3.55915
SZ002279,久其软件,543398.7436,466112.184248,20.68533
SZ300502,新易盛,1929979.5823,1394895.61189,6.87252
SZ002157,正邦科技,4265599.345704,3794190.030768,2.524
SH601211,国泰君安,14965353.59424,12627083.93184,0.7574
SZ002174,游族网络,2009727.213078,1498191.498258,6.3828
SH603825,华扬联众,808289.307,331747.6855,28.66777
SZ002304,洋河股份,16319173.052,13524766.646846,0.70063
SH605168,三人行,1844080.89,461020.89,20.4141
SH601601,中国太保,25355476,17590186.6,0.53234
SZ300063,天龙集团,539281.404,430835.94,21.53954
SZ002465,海格通信,3028045.553694,2871696.255948,3.23098
SH600690,海尔智家,11520821.163877,11046275.697154,0.83416
SZ002382,蓝帆医疗,2806294.491346,1864103.498918,4.93811
SZ002123,梦网集团,1586635.179575,1292836.29907,7.07579
SH603005,晶方科技,2209378.549427,2209378.549427,4.13801
SH600104,上汽集团,21322316.991125,21322316.991125,0.42551
SZ300236,上海新阳,1774411.63218,1746089.493225,5.1947
SZ002065,东华软件,3573458.284125,3220326.535433,2.80959
SZ300326,凯利泰,2015658.016404,1990001.000324,4.52682
SH601555,东吴证券,3170383.947836,3170383.947836,2.83733
SZ300073,当升科技,1434197.586532,1413796.570668,6.35715
SZ000799,酒鬼酒,1891086.6636,1891086.6636,4.75247
SZ300083,劲胜智能,817065.065828,704133.699924,12.72783
SZ002916,深南电路,7766049.984,2269770.383408,3.92205
SZ002797,第一创业,2455182.4,2455182.4,3.58203
SH600588,用友网络,12744733.546133,12693254.312088,0.69199
SH600809,XD山西汾,12011402.562012,11933120.802012,0.73537
SH688106,金宏气体,1828842.9184,384609.35104,22.73725
SH600037,XD歌华有,2064006.601972,2064006.601972,4.21376
SZ300299,富春股份,586410.763125,513241.24335,16.81076
SZ300529,健帆生物,5184379.239,2989029.004,2.88062
SH603288,海天味业,38687651.460312,38687651.460312,0.22237
SH600536,中国软件,3816540.988694,3816540.988694,2.23927
SH600498,烽火通信,3521150.794438,3328566.171393,2.55245
SZ300677,英科医疗,2464370.776,1490673.464,5.69653
SZ000538,云南白药,11781490.792691,5553640.877297,1.52382
SZ002463,沪电股份,4216933.952535,4127860.592745,2.04971
SH601899,紫金矿业,10556940.137536,8170373.097536,1.03515
SH603290,斯达半导,2825600,706400,11.86539
SZ300285,国瓷材料,2947823.64054,2307683.90502,3.57736
SZ002602,世纪华通,8518129.92288,3546395.098704,2.31255
SZ002079,苏州固锝,932531.474847,930272.508207,8.80949
SH600211,西藏药业,1565727.478545,1565727.478545,5.23093
SZ300498,温氏股份,13761058.933504,10369336.098218,0.78541
SH600436,片仔癀,9556544.6064,9556544.6064,0.8476
SZ002103,广博股份,400170.441797,270457.395684,29.92006
SH688012,中微公司,11387751.887967,1094740.041852,7.33339
SZ300558,贝达药业,4808391,4798631.668992,1.67132
SH601668,中国建筑,21444151.542121,21080591.053284,0.38037
SZ002223,鱼跃医疗,3432481.004896,2968113.731904,2.69483
SZ300223,北京君正,4507504.954425,1267230.224304,6.29521
SH600999,招商证券,11878052.740317,10139801.448177,0.78284
SZ300242,佳云科技,425786.555304,395344.727954,20.05321
SH600988,赤峰黄金,1613994.03666,1383590.05112,5.71932
SZ002481,双塔食品,2168472.16,1930830.6216,4.01951
SH600522,中天科技,3581225.404688,3581225.404688,2.16642
SZ300003,乐普医疗,6531539.608386,5554605.561726,1.38844
SH600309,万华化学,15365919.987644,6967863.91948,1.10613
SZ300832,新产业,6620174.4,662660.8,11.60125
SH688157,松井股份,909270.8,206809.919562,37.06313
SZ300450,先导智能,4213313.1706,4052929.8784,1.89103
SZ002083,孚日股份,511204.002815,496734.306035,15.37834
SZ002019,亿帆医药,2841169.813369,1860747.666059,4.09829
SZ000988,华工科技,2393096.44266,2392321.21716,3.16956
SH603559,中通国脉,320734.957266,320734.957266,23.5637
SH600986,科达股份,669222.142305,662278.93417,11.41153
SZ002008,大族激光,3646178.524866,3395018.811453,2.22544
SH600009,上海机场,13781606.820096,7820543.191344,0.9583
SH601878,浙商证券,3370014.337665,1221816.101916,6.13116
SH600315,上海家化,3456929.57415,3456929.57415,2.15867
SH600640,号百控股,1676531.34558,1676531.34558,4.44622
SZ300364,中文在线,504742.94514,432591.489144,17.19418
SZ002208,合肥城建,779534.419978,575059.639034,12.92779
SZ002938,鹏鼎控股,11228930.904128,1302717.194422,5.69536
SH601933,永辉超市,8948382.07098,8852815.06648,0.83592
SH600446,金证股份,1615046.788468,1601476.078468,4.60356
SH603608,天创时尚,581879.118051,574648.20303,12.78527
SZ002605,姚记科技,1413094.670671,957435.870406,7.66218
SZ300009,安科生物,2250159.36632,1566676.53952,4.61007
SH603993,洛阳钼业,8186112.180957,6695327.808957,1.07699
SZ300463,迈克生物,3149746.971,2206450.6786,3.26414
SZ002926,华西证券,2858625,1936402.554537,3.70633
SH600233,圆通速递,5148570.868676,5137487.432292,1.39558
SH600438,通威股份,6376041.402108,6376041.402108,1.12293
SZ002036,联创电子,1138204.919425,1130716.3658,6.32804
SZ002001,新 和 成,5930307.948,5855288.56188,1.21794
SZ002180,纳思达,3662177.396556,3467667.28854,2.0489
SZ002340,格林美,2263033.997961,1952167.738906,3.60952
SZ002405,四维图新,3118885.4403,3037025.80239,2.30645
SZ300097,智云股份,474952.755174,357747.468486,19.41447
SZ300618,寒锐钴业,1670570.1848,1162686.0248,5.92296
SH600521,华海药业,4851117.836745,4588701.54417,1.49893
SZ300168,万达信息,2536681.051632,2518575.02976,2.72624
SZ002271,东方雨虹,6539723.047702,4588565.637012,1.47854
SZ300146,汤臣倍健,3364379.169804,1897851.781758,3.55575
SZ000860,顺鑫农业,4089361.410357,4089361.410357,1.64876
SH601288,农业银行,117244316.34745,98508523.45784,0.06842
SZ300316,晶盛机电,2931204.728648,2752351.15533,2.44528
SZ300413,芒果超媒,11597379.106654,5432807.895472,1.22057
SZ002169,智光电气,824030.425724,795139.88062,8.29808
SZ002601,龙蟒佰利,3667797.704645,2599510.801145,2.49891
SZ000066,中国长城,3885697.584331,3305181.869043,1.95989
SZ002338,奥普光电,682800,682731.57775,9.48718
SZ002152,广电运通,2958244.571828,2939046.678036,2.19801
SZ300113,顺网科技,1762101.01512,1227779.806482,5.23512
SZ300598,诚迈科技,1768000,1767995.036,3.62967
SZ300246,宝莱特,488664.36,360436.678425,17.6656
SZ002467,二六三,964950.824257,826968.465953,7.69953
SH601777,力帆股份,722566.66845,707204.45345,8.97715
SH600260,凯乐科技,1321944.553309,1253625.015864,5.05345
SZ300418,昆仑万维,2531731.9176,2165210.2764,2.92136
SZ000166,申万宏源,11518374.4976,10365830.5343,0.60943
SH601138,工业富联,28516238.197825,2680468.53781,2.34422
SZ002939,长城证券,3888566.904803,2085218.706543,3.00772
SZ300661,圣邦股份,4086978.392265,4042190.4606,1.54792
SZ002409,雅克科技,2136531.769848,1074823.293744,5.81936
SZ000851,高鸿股份,721565.744265,692198.64699,8.97299
SZ002025,航天电器,1382667,1382340.742156,4.49241
SH600010,包钢股份,5059938.623928,3516170.486157,1.76191
SH600127,金健米业,627022.203986,627022.203986,9.83052
SZ002299,圣农发展,3308592.402408,2914428.658575,2.11303
SH601606,长城军工,928460.8088,381685.810162,16.11219
SZ000877,天山股份,1651738.660425,1386149.465925,4.39783
SZ300026,红日药业,1638109.136165,1450338.519275,4.20118
SZ300182,捷成股份,1161307.323957,895296.487536,6.79549
SZ300495,美尚生态,750473.070144,512942.683785,11.80525
SH600487,亨通光电,3270866.7154,3118438.832725,1.94035
SH603439,贵州三力,1438254.744696,143852.94,42.03091
SH600699,均胜电子,2838281.47111,2838281.47111,2.1259
SZ000895,双汇发展,14123545.71845,3752983.854035,1.60285
SZ000998,隆平高科,2159831.28872,1589806.79796,3.78271
SZ002127,南极电商,5192050.902345,4131952.827885,1.44538
SH600216,浙江医药,1825057.048,1825048.963975,3.27161
SZ000963,华东医药,4101553.580512,4101494.406232,1.45523
SZ000338,潍柴动力,10869407.23615,5815652.22625,1.02254
SH603883,老百姓,3014904.5017,2818754.50885,2.09548
SZ002252,上海莱士,5884707.842811,4340895.115977,1.35689
SH601005,重庆钢铁,1507243.783123,1416300.286323,4.14082
SZ000519,中兵红箭,1256088.201764,1255126.206136,4.65401
SZ002080,中材科技,2594379.060864,2594379.060864,2.23084
SH600867,通化东宝,3138444.281731,3138444.281731,1.84346
SZ002812,恩捷股份,5118131.24335,3311722.91278,1.74402
SH600909,华安证券,2415207,2415207,2.38638
SZ300002,神州泰岳,1311970.537296,1090331.574534,5.28103
SZ000501,鄂武商Ａ,1161948.016541,1160081.212305,4.93945
SZ002024,苏宁易购,8425585.887775,7036546.292065,0.81204
SH600600,青岛啤酒,9497409.04885,4892272.72751,1.1567
SH600161,天坛生物,4630974.95501,4630974.95501,1.22151
SZ002497,雅化集团,940100.678012,830356.13282,6.80911
SH601727,上海电气,7864130.018004,5652255.550719,0.99764
SZ002187,广百股份,460215.931392,460215.931392,12.18363
SH600340,华夏幸福,6874256.621247,6801565.901247,0.82362
SH600050,中国联通,15264549.782004,10577956.11114,0.52899
SZ300037,新宙邦,2088881.962605,1305522.53388,4.28209
SZ000783,长江证券,3754577.066499,3754508.236269,1.48374
SH601816,京沪高铁,31231724.212596,1656277.729812,3.34309
SH601689,拓普集团,2845301.959053,2845301.959053,1.94087
SZ300253,卫宁健康,3862217.343608,3125138.87946,1.76364
SH600118,中国卫星,3835994.75394,3835994.75394,1.43665
SH600885,宏发股份,2898611.960384,2898611.960384,1.89957
SH600410,华胜天成,1463526.186156,1463526.186156,3.75242
SZ002100,天康生物,1615180.903056,1615180.903056,3.39848
SH688599,天合光能,3277821.804375,452104.30635,12.07602
SZ300624,万兴科技,872540.3368,534537.267104,10.19336
SZ300381,溢多利,677278.32879,663377.003858,8.20808
SH600763,通策医疗,4858337.28,4858337.28,1.11651
SZ300567,精测电子,1705734.01474,1160238.836005,4.65421
SH600330,天通股份,986600.0727,986600.0727,5.46839
SH601628,中国人寿,79621673.985,58659884.01,0.09125
SZ002027,分众传媒,7617819.86532,7617819.86532,0.70134
SH600801,华新水泥,5101027.447215,3313453.687215,1.61022
SZ300408,三环集团,3894572.321802,3710877.193242,1.43771
SH600352,浙江龙盛,4161011.44894,4161011.44894,1.27348
SZ000959,首钢股份,2390804.0992,2285810.667192,2.31639
SZ300293,蓝英装备,383400,383400,13.80527
SZ300017,网宿科技,2085951.372628,1891619.973165,2.79579
SZ002736,国信证券,9200400,9200400,0.57422
SH603882,金域医学,3740916.99409,2284653.63656,2.30241
SH600739,XD辽宁成,2920216.038744,2920216.038744,1.79863
SZ002151,北斗星通,1648597.715855,1234460.32481,4.22616
SZ300124,汇川技术,6026296.01088,4807412.83908,1.08433
SZ002239,奥特佳,1077187.639448,1077187.639448,4.82777
SZ002281,光迅科技,2194937.478156,2128463.526366,2.44324
SH600016,民生银行,24824631.290634,20107023.861771,0.25775
SH601099,太平洋,2181221.2384,2181221.2384,2.37495
SZ300803,指南针,2298374.994325,322907.5,16.01425
SH603538,美诺华,791967.462,772587.5872,6.68975
SZ002138,顺络电子,1980317.877424,1715945.44388,2.98055
SZ002850,科达利,1308090,809846.897005,6.3096
SZ002780,三夫户外,311959.347332,232592.723005,21.96153
SZ000596,古井贡酒,7408963.2,5643523.2,0.90497
SH601519,大智慧,1494750.4,1494750.4,3.41628
SH603659,璞泰来,4341742.958296,1930656.157888,2.63959
SH600559,老白干酒,952919.265528,931080.31983,5.43818
SZ002214,大立科技,1086122.665088,846137.077568,5.98089
SH601336,新华保险,14115948.365,9436613.0135,0.53599
SZ300612,宣亚国际,334368,205574.2452,24.46485
SH600789,鲁抗医药,808931.126465,783099.776132,6.40621
SH600503,华丽家族,666552.64,666552.64,7.50413
SH603353,和顺石油,680371.38,170271.38,29.3231
SZ000011,深物业A,942242.944452,832357.833483,5.96253
SH600884,DR杉杉股,1294548.028858,1294548.028858,3.82908
SZ000931,中 关 村,815636.521506,808125.835281,6.1002
SH603236,移远通信,2001841.296,500572.56,9.84769
SH688004,博汇科技,649792,147165.876,33.41811
SZ002468,申通快递,2629918.121188,2511027.430754,1.95713
SZ300294,博雅生物,1683900.417618,1628997.626202,3.00477
SZ300373,扬杰科技,1312484.96254,1308230.25872,3.73859
SZ300166,东方国信,1513520.979335,1172242.587298,4.13925
SH600900,长江电力,39974000,39974000,0.12118
SZ002709,天赐材料,1771162.326181,1187452.328037,4.04655
SH600712,南宁百货,328427.18208,324638.250273,14.75114
SZ300497,富祥药业,864629.70208,673943.3212,7.0908
SZ300837,浙矿股份,444600,111150,42.84606
SZ002489,浙江永强,915985.067763,792095.449796,5.9914
SH688396,华润微,4798040.81947,935742.554648,5.06151
SH603990,麦迪科技,579029.641624,576688,8.16198
SZ300838,浙江力诺,363755.12,90938.78,51.48452
SZ300070,碧水源,2693071.701494,1856206.240473,2.52222
SZ000750,国海证券,2357479.547562,2357477.501637,1.9774
SH601360,三六零,12628490.996789,3340495.722058,1.38981
SZ002838,道恩股份,1186485.1625,978918.29662,4.73588
SZ000987,越秀金控,3157558.812838,3059373.45189,1.5135
SZ000401,冀东水泥,2257100.88095,2256582.697925,2.04574
SZ300390,天华超净,765722.364,470062.635336,9.77674
SZ002410,广联达,7304363.149911,5837633.549109,0.78703
SZ300045,华力创通,831481.31745,578815.83315,7.90902
SZ000686,东北证券,1977682.713175,1977682.713175,2.31469
SZ000672,上峰水泥,1888411.720591,1888411.720591,2.422
SH601698,中国卫通,7316000,731600,6.21864
SZ002124,天邦股份,1311539.378838,1068094.24371,4.23611
SZ300203,聚光科技,861140.6122,860070.1747,5.25746
SZ300016,北陆药业,550439.131788,451064.082021,10.01872
SH601939,建设银行,157006893.86121,6024816.976568,0.74845
SZ002326,永太科技,1084681.642746,826869.277432,5.44754
SH600741,华域汽车,6582887.678592,6582887.678592,0.6831
SH601198,东兴证券,2984113.430874,2984113.430874,1.49807
SH601328,交通银行,38171041.49553,20174944.10371,0.22094
SH603195,公牛集团,9918600,991860,4.4931
SZ300702,天宇股份,1926831.92344,580599.401966,7.66318
SH600808,马钢股份,2071483.239034,1605325.069034,2.76975
SH600126,杭钢股份,3437978.486494,3437978.486494,1.28472
SZ300595,欧普康视,3833546.85432,2727239.218628,1.60924
SZ000735,罗 牛 山,1209089.2569,1208431.14945,3.63165
SH600667,太极实业,2504260.121642,2504260.121642,1.73884
SZ300118,东方日升,1257397.117695,972029.855025,4.44387
SH603127,昭衍新药,2057365.187604,1006038.9767,4.24575
SZ000425,徐工机械,4747203.06858,4238992.666218,1.00612
SH600824,益民集团,490122.588945,490122.588945,8.67591
SZ002240,威华股份,932149.374674,614733.421575,6.9155
SZ002745,木林森,1932356.00102,1106743.848015,3.83861
SZ300368,汇金股份,494707.43175,474029.03334,8.95688
SH601009,XD南京银,7425206.593966,6293798.279608,0.67406
SZ300482,万孚生物,3212626.809375,2260170.684375,1.87573
SH600958,东方证券,6560049.143214,5325364.18652,0.79581
SZ002368,太极股份,1693626.176869,1661940.50088,2.54405
SZ000526,紫光学大,524744.308685,524744.308685,8.05385
SH600000,浦发银行,31142557.301217,29818093.496839,0.14167
SH601872,招商轮船,4017111.587944,3158477.034752,1.33355
SZ002118,紫鑫药业,627572.31474,627532.6022,6.70286
SZ002975,博杰股份,1213444.3156,303361.5156,13.85123
SZ300010,立思辰,1512621.535074,1267220.516484,3.31288
SZ300397,天和防务,943056,688475.969865,6.09608
SZ002194,武汉凡谷,1452776.399688,1057718.581008,3.9626
SH603598,引力传媒,427584.34,423223.382,9.90051
SZ002439,启明星辰,3623238.502702,2771061.656006,1.50941
SH601377,兴业证券,3951036.28766,3951036.28766,1.0498
SH603444,吉比特,3261932.01528,3261932.01528,1.27145
SH601609,金田铜业,1548758.047,257246,16.10976
SH600380,健康元,3291338.544,3291338.544,1.25811
SZ002373,千方科技,3389087.948575,2375785.382766,1.74204
SH601818,光大银行,19998435.745365,12954227.519865,0.31936
SZ300280,紫天科技,743557.633472,680463.113372,6.07925
SZ300233,金城医药,1210908.89304,1131530.28912,3.65289
SH603806,福斯特,3259456.2,3259456.2,1.26718
SZ002990,盛视科技,1124293.44,281073.36,14.68869
SH601658,邮储银行,40184095.7364,1792154.9184,2.29975
SZ300590,移为通信,768473.802,540962.6685,7.61137
SZ002436,兴森科技,1800368.07984,1527696.67677,2.69123
SZ002414,高德红外,4177021.951872,3273658.93344,1.25571
SZ300315,掌趣科技,1841999.440256,1758330.205128,2.32268
SH600298,安琪酵母,3756160.938194,3756160.938194,1.08346
SZ300392,腾信股份,374400,252705.124425,16.07591
SZ002950,奥美医疗,1594562.294826,562831.447816,7.21434
SH600845,宝信软件,6378996.19104,4616761.3512,0.87919
SZ002291,星期六,1741352.560578,1260729.425988,3.20397
SZ300303,聚飞光电,766813.9314,685605.204,5.87621
SZ002507,涪陵榨菜,2762750.3435,2721358.052,1.47756
SH688388,嘉元科技,1353164.236,326322.064738,12.32088
SH600019,宝钢股份,10578861.859375,10524091.746875,0.3818
SZ002576,通达动力,200101.2,199271.287848,20.15536
SZ300759,康龙化成,6989020.890676,2491887.004502,1.60286
SZ002503,搜于特,896826.56484,635124.56068,6.27121
SZ002981,朝阳科技,475776,118944,33.39584
SH600682,南京新百,1370362.600978,1131620.478496,3.50925
SZ002022,科华生物,895528.39782,893089.52682,4.439
SZ000913,钱江摩托,552406.848,552406.848,7.17212
SZ300709,精研科技,1063617.54551,678851.108078,5.82923
SZ002183,怡 亚 通,1110170.959337,1108668.727086,3.56802
SH600143,金发科技,3525862.60991,3525862.60991,1.11845
SH600624,复旦复华,664855.36171,664855.36171,5.9226
SZ300729,乐歌股份,423156.75633,121921.992423,32.28217
SH600206,有研新材,1140398.395404,1133470.505004,3.45818
SZ002607,中公教育,17891625.627489,2379794.61996,1.64626
SZ300792,壹网壹创,2724597.7776,679968,5.76155
SZ000513,丽珠集团,4399753.52971,2808493.86027,1.39124
SZ300308,中际旭创,4480103.384352,2500810.809282,1.56233
SZ300666,江丰电子,1239417.656048,943488.970264,4.13362
SZ300496,中科创达,2683165.636602,1908350.625852,2.04289
SH600660,福耀玻璃,5380984.60614,4296405.68214,0.90723
SZ300664,鹏鹞环保,644592.1144,438580.6438,8.87272
SZ300007,汉威科技,454478.372106,374428.673487,10.32396
SH600720,祁连山,1321246.059964,1321028.893274,2.91794
SH600028,中国石化,48549555.068046,38318666.189446,0.10057
SH600095,哈高科,2742901.13982,384745.696725,10.00737
SH600488,天药股份,570269.66024,505867.800788,7.58427
SZ002572,索菲亚,2057394.43569,1437176.52969,2.66921
SZ002565,顺灏股份,533258.931766,531217.170765,7.20775
SZ300054,鼎龙股份,1396629.321173,1020702.034973,3.74797
SH601186,中国铁建,11719144.3145,9927300.8665,0.38519
SH688399,硕世生物,1266192,300823.2,12.66378
SZ002294,信立泰,2673616.896,2673241.9308,1.4209
SZ000652,泰达股份,950269.560688,949328.890496,3.99238
SZ002301,齐心集团,1223611.505033,1067677.69284,3.5447
SZ002918,蒙娜丽莎,1346830.53375,461152.973625,8.20674
SZ002945,华林证券,3780000,1056704.7246,3.57414
SH601827,三峰环境,1688337.608,380537.608,9.91634
SH600305,恒顺醋业,1844436.142848,1844436.142848,2.04084
SH601988,中国银行,102152563.56063,73135633.651562,0.05138
SH603533,掌阅科技,1535028,624544.07598,6.01103
SZ002557,洽洽食品,2923362,2923362,1.28113
SZ002432,九安医疗,472624.065732,472624.065732,7.90942
SZ002959,小熊电器,1860300,465075,8.03136
SZ300699,光威复材,3016797,1877520.7092,1.98871
SH601155,新城控股,7289219.12078,7252926.84078,0.5129
SZ300319,麦捷科技,787588.61023,743829.85065,4.99447
SZ000158,常山北明,1590623.637395,1562060.63905,2.37644
SH600201,生物股份,2932729.587564,2932729.587564,1.26519
SH601801,皖新传媒,1187555.227989,1187555.227989,3.12399
SH603658,安图生物,7383547.909153,7383547.909153,0.50196
SH603301,振德医疗,895720,348726.189,10.62138
SH603520,司太立,1915362.379912,1915362.379912,1.93246
SZ002028,思源电气,1419310.729494,1096365.805187,3.35799
SZ002461,珠江啤酒,2047328.844,2047327.04025,1.79258
SZ300348,长亮科技,1258970.232026,1012214.98612,3.62538
SZ300171,东富龙,923027.11176,628552.087163,5.82283
SZ002985,北摩高科,1456552,364138,10.05084
SH600529,山东药玻,2908797.315083,2908797.315083,1.25608
SZ300769,德方纳米,766920.93105,421330.94275,8.654
SZ300363,博腾股份,1629870.841599,1344965.748126,2.70649
SH600079,人福医药,3443823.744288,3271708.813728,1.11205
SH600026,中远海能,3233867.789915,1857766.312619,1.95756
SZ002117,东港股份,616057.389309,615859.506092,5.90163
SH600486,扬农化工,2559145.174006,2559145.174006,1.42019
SH600838,上海九百,316295.883009,316295.883009,11.47243
SZ300576,容大感光,764520,378044.468575,9.58076
SH603258,电魂网络,1171580.438,1151520,3.13881
SZ002498,汉缆股份,1686685.572,1686685.572,2.14269
SZ000813,德展健康,1506275.7696,1506275.089536,2.39316
SZ300770,新媒股份,2682585.082026,1643186.54322,2.18718
SZ300144,宋城演艺,4818881.11572,4070651.01874,0.87988
SZ300573,兴齐眼药,1164735.9,855142.6545,4.18823
